url_path,views_total,views_unique
/peff74/ESP32_TFA_Drop_Rain_Gauge_Decoder,41,3
/peff74/ESP32_TFA_Drop_Rain_Gauge-_Decoder,7,1
/peff74/ESP32_TFA_Drop_Rain_Gauge_Decoder/actions/workflows/github-repo-stats.yml,4,1
/peff74/ESP32_TFA_Drop_Rain_Gauge_Decoder/edit/main/README.md,4,1
/peff74/ESP32_TFA_Drop_Rain_Gauge_Decoder/tree/main,4,1
/peff74/ESP32_TFA_Drop_Rain_Gauge_Decoder/upload,4,1
/peff74/ESP32_TFA_Drop_Rain_Gauge_Decoder/upload/main,4,1
/peff74/ESP32_TFA_Drop_Rain_Gauge_Decoder/blob/github-repo-stats/peff74/ESP32_TFA_Drop_Rain_Gauge_Decoder/latest-report/report.pdf,3,1
/peff74/ESP32_TFA_Drop_Rain_Gauge_Decoder/blob/main/README.md,3,1
/peff74/ESP32_TFA_Drop_Rain_Gauge_Decoder/blob/main/RF433.jpg,3,1
